{"cameraMode":{"drawMode":0,"name":"Shaded","section":"Shading Mode"},"sceneLighting":true,"audioPlay":false,"sceneViewState":{"showFog":true,"showMaterialUpdate":false,"showSkybox":true,"showFlares":true,"showImageEffects":true,"showParticleSystems":true},"in2DMode":false,"pivot":{"x":14.10777473449707,"y":0.26230525970458987,"z":7.440817832946777},"rotation":{"x":0.1319141685962677,"y":0.49789535999298098,"z":-0.07693634927272797,"w":0.8536924123764038},"size":10.780975341796875,"orthographic":false}