{"cameraMode":{"drawMode":0,"name":"Shaded","section":"Shading Mode"},"sceneLighting":true,"audioPlay":false,"sceneViewState":{"showFog":true,"showMaterialUpdate":false,"showSkybox":true,"showFlares":true,"showImageEffects":true,"showParticleSystems":true},"in2DMode":false,"pivot":{"x":-1552.43701171875,"y":113.19287872314453,"z":0.00006866455078125},"rotation":{"x":-0.08630868047475815,"y":-0.28917673230171206,"z":0.02617650292813778,"w":-0.9530624151229858},"size":1400.160400390625,"orthographic":false}